,parent_type,product_type,gender,dress_codes,percentages,counts,total_count
0,pants,pleated pants,Male,"[""dressy casual""]",['100.0%'],[1],1
1,skirt,tennis skirt,Female,"[""active""]",['100.0%'],[6],6
2,pants,soft shell pants,Male,"[""active""]",['100.0%'],[2],2
3,shorts,hotpants,Female,"[""beach""]",['100.0%'],[2],2
4,shirt,blouse,Male,"[""casual""]",['100.0%'],[58],58
5,dress,crop top dress,Female,"[""creative black tie""]",['100.0%'],[61],61
6,shirt,button-down shirt,Female,"[""casual""]",['100.0%'],[71],71
7,jeans,jegging,Female,"[""casual"",""dressy casual""]","['76.14%', '23.86%']","[134, 42]",176
8,shirt,knit top,Male,"[""casual""]",['100.0%'],[2],2
9,pants,sweat pants,Female,"[""dressy casual"",""active"",""business formal"",""casual""]","['6.61%', '30.33%', '6.31%', '56.76%']","[22, 101, 21, 189]",333
10,trousers,cargo trousers,Female,"[""casual"",""dressy casual""]","['66.67%', '33.33%']","[4, 2]",6
11,shirt,t-shirt,Female,"[""creative black tie"",""casual"",""cocktail"",""white tie"",""dressy casual"",""festive"",""business formal"",""active""]","['0.02%', '12.04%', '0.04%', '0.01%', '2.56%', '0.03%', '81.58%', '3.72%']","[14, 8560, 28, 8, 1822, 20, 58007, 2643]",71102
12,shorts,cargo shorts,Female,"[""casual""]",['100.0%'],[37],37
13,shirt,tank top,Male,"[""dressy casual"",""casual"",""active"",""business formal""]","['0.69%', '7.89%', '15.37%', '76.05%']","[25, 284, 553, 2737]",3599
14,skirt,sarong skirt,Female,"[""beach""]",['100.0%'],[6],6
15,skirt,tulip skirt,Female,"[""casual""]",['100.0%'],[1],1
16,shirt,polo shirt,Male,"[""casual"",""business formal"",""active"",""dressy casual"",""beach""]","['66.78%', '8.59%', '14.29%', '10.31%', '0.03%']","[4089, 526, 875, 631, 2]",6123
17,jeans,capri jeans,Female,"[""dressy casual"",""casual""]","['57.69%', '42.31%']","[15, 11]",26
18,dress,homecoming dress,Female,"[""black tie"",""casual""]","['14.29%', '85.71%']","[1, 6]",7
19,gym bag,gym bag,Female,"[""active""]",['100.0%'],[2],2
20,skirt,tulle skirt,Female,"[""casual""]",['100.0%'],[64],64
21,shirt,overshirt,Male,"[""dressy casual"",""casual""]","['1.1%', '98.9%']","[8, 716]",724
22,dress,dress,Male,"[""dressy casual""]",['100.0%'],[8],8
23,shirt,shell top,Male,"[""casual""]",['100.0%'],[2],2
24,skirt,bodycon skirt,Female,"[""dressy casual"",""casual""]","['12.28%', '87.72%']","[7, 50]",57
25,shirt,shirt,Female,"[""creative black tie"",""cocktail"",""active"",""business formal"",""beach"",""dressy casual"",""casual""]","['0.47%', '0.37%', '1.83%', '0.63%', '0.37%', '23.11%', '73.22%']","[44, 35, 173, 59, 35, 2180, 6907]",9433
26,shorts,shorts,Male,"[""business formal"",""beach"",""active"",""casual"",""dressy casual""]","['0.87%', '4.46%', '15.31%', '77.74%', '1.61%']","[26, 133, 456, 2316, 48]",2979
27,overall,overall,Female,"[""casual"",""business formal""]","['99.61%', '0.39%']","[514, 2]",516
28,dress,dress,Female,"[""active"",""cocktail"",""festive"",""business formal"",""creative black tie"",""white tie"",""black tie"",""beach"",""dressy casual"",""business casual"",""casual""]","['0.12%', '2.2%', '0.02%', '6.54%', '17.1%', '0.12%', '0.18%', '0.65%', '4.59%', '0.3%', '68.18%']","[50, 933, 10, 2769, 7245, 49, 75, 277, 1945, 128, 28880]",42361
29,top,pullover sweat top,Female,"[""active""]",['100.0%'],[1],1
30,sweater,jumper,Male,"[""festive"",""casual"",""active"",""dressy casual""]","['14.81%', '42.41%', '7.04%', '35.74%']","[80, 229, 38, 193]",540
31,shirt,gym vest,Female,"[""active""]",['100.0%'],[435],435
32,top,top,Male,"[""business formal"",""active"",""dressy casual"",""casual""]","['1.44%', '79.07%', '4.94%', '14.56%']","[16, 880, 55, 162]",1113
33,unitard,unitard,Female,"[""dressy casual"",""casual"",""active""]","['2.78%', '94.44%', '2.78%']","[2, 68, 2]",72
34,pants,cigarette pants,Female,"[""casual"",""dressy casual"",""business casual""]","['92.31%', '3.85%', '3.85%']","[24, 1, 1]",26
35,jeans,boyfriend jeans,Female,"[""cocktail"",""dressy casual"",""casual""]","['16.98%', '16.98%', '66.04%']","[18, 18, 70]",106
36,shirt,vest top,Male,"[""active"",""beach"",""dressy casual"",""casual"",""business formal""]","['44.34%', '24.43%', '0.49%', '24.27%', '6.47%']","[274, 151, 3, 150, 40]",618
37,sweater,pullover,Male,"[""active""]",['100.0%'],[2],2
38,pants,chinos,Female,"[""business formal"",""casual"",""dressy casual"",""business casual""]","['4.04%', '80.81%', '13.13%', '2.02%']","[4, 80, 13, 2]",99
39,pants,capri pants,Male,"[""casual""]",['100.0%'],[1],1
40,shirt,knit top,Female,"[""dressy casual"",""casual"",""business formal"",""active""]","['34.29%', '50.0%', '14.29%', '1.43%']","[24, 35, 10, 1]",70
41,pants,tights,Male,"[""active"",""casual"",""dressy casual""]","['89.76%', '9.84%', '0.4%']","[675, 74, 3]",752
42,pants,joggers,Male,"[""business formal"",""active"",""dressy casual"",""casual"",""creative black tie""]","['10.2%', '29.45%', '7.88%', '52.24%', '0.24%']","[260, 751, 201, 1332, 6]",2550
43,shorts,sport shorts,Male,"[""active"",""casual""]","['31.35%', '68.65%']","[389, 852]",1241
44,shorts,cargo shorts,Male,"[""active"",""beach"",""casual""]","['0.33%', '0.66%', '99.01%']","[2, 4, 600]",606
45,jumper,knit jumper,Male,"[""casual"",""active"",""dressy casual"",""festive""]","['50.85%', '27.12%', '15.25%', '6.78%']","[30, 16, 9, 4]",59
46,suit,tuxedo suit,Female,"[""business formal"",""casual""]","['80.0%', '20.0%']","[16, 4]",20
47,shorts,chino short,Female,"[""business formal"",""casual""]","['57.14%', '42.86%']","[8, 6]",14
48,jeans,carpenter jeans,Male,"[""casual""]",['100.0%'],[10],10
49,sweater,poncho,Male,"[""casual""]",['100.0%'],[6],6
50,pants,training pants,Female,"[""active""]",['100.0%'],[45],45
51,trousers,sweat trousers,Male,"[""active"",""casual""]","['30.93%', '69.07%']","[30, 67]",97
52,dress,bodycon dress,Female,"[""festive"",""dressy casual"",""business formal"",""white tie"",""casual"",""cocktail"",""business casual"",""creative black tie""]","['0.05%', '7.81%', '5.55%', '0.24%', '69.85%', '2.51%', '0.53%', '13.46%']","[1, 162, 115, 5, 1448, 52, 11, 279]",2073
53,pants,stirrup pants,Female,"[""active"",""casual"",""beach""]","['89.19%', '2.7%', '8.11%']","[66, 2, 6]",74
54,pants,leggings,Female,"[""casual"",""active"",""business formal"",""beach"",""cocktail"",""festive"",""dressy casual"",""business casual""]","['18.08%', '63.0%', '15.92%', '0.26%', '0.05%', '0.05%', '2.63%', '0.02%']","[2405, 8379, 2118, 34, 6, 6, 350, 2]",13300
55,jeans,jeans,Male,"[""beach"",""casual"",""dressy casual"",""active""]","['0.21%', '70.16%', '27.65%', '1.98%']","[5, 1667, 657, 47]",2376
56,pants,trousers,Female,"[""festive"",""beach"",""business casual"",""cocktail"",""active"",""business formal"",""dressy casual"",""creative black tie"",""casual"",""black tie""]","['0.06%', '0.32%', '0.22%', '3.19%', '8.87%', '29.18%', '23.87%', '0.32%', '33.94%', '0.03%']","[2, 10, 7, 101, 281, 924, 756, 10, 1075, 1]",3167
57,shirt,cami top,Female,"[""cocktail"",""business formal"",""beach"",""active"",""casual"",""dressy casual""]","['10.17%', '0.48%', '1.45%', '2.66%', '60.05%', '25.18%']","[42, 2, 6, 11, 248, 104]",413
58,shirt,oxford shirt,Male,"[""active"",""dressy casual"",""casual""]","['0.22%', '24.84%', '74.95%']","[1, 113, 341]",455
59,top,bralet,Female,"[""dressy casual"",""beach"",""cocktail"",""casual"",""active""]","['9.6%', '6.09%', '2.34%', '1.64%', '80.33%']","[41, 26, 10, 7, 343]",427
60,trousers,pleated trousers,Male,"[""dressy casual""]",['100.0%'],[14],14
61,shorts,chino short,Male,"[""casual"",""white tie"",""beach"",""dressy casual""]","['41.43%', '2.86%', '52.86%', '2.86%']","[29, 2, 37, 2]",70
62,pants,joggers,Unisex,"[""casual""]",['100.0%'],[62],62
63,trousers,cargo trousers,Male,"[""dressy casual"",""active"",""casual""]","['8.16%', '8.16%', '83.67%']","[4, 4, 41]",49
64,shirt,shirt,Unisex,"[""casual"",""business formal""]","['22.54%', '77.46%']","[16, 55]",71
65,shorts,shorts,Female,"[""beach"",""dressy casual"",""business formal"",""active"",""cocktail"",""casual""]","['0.28%', '3.6%', '13.49%', '18.88%', '3.6%', '60.17%']","[4, 52, 195, 273, 52, 870]",1446
66,jumpsuit,jumpsuit,Female,"[""beach"",""cocktail"",""business formal"",""casual"",""active"",""dressy casual""]","['0.74%', '2.85%', '6.63%', '86.66%', '0.37%', '2.74%']","[20, 77, 179, 2339, 10, 74]",2699
67,top,button-down top,Male,"[""dressy casual"",""casual""]","['12.77%', '87.23%']","[24, 164]",188
68,pants,suit trousers,Male,"[""black tie"",""white tie"",""dressy casual"",""casual"",""business formal"",""business casual"",""creative black tie""]","['0.46%', '0.69%', '48.51%', '12.7%', '34.44%', '0.46%', '2.75%']","[4, 6, 424, 111, 301, 4, 24]",874
69,trousers,beach trousers,Female,"[""casual"",""cocktail"",""beach""]","['2.82%', '1.41%', '95.77%']","[4, 2, 136]",142
70,pants,culottes,Female,"[""active"",""dressy casual"",""casual"",""business formal"",""cocktail""]","['11.02%', '30.2%', '20.41%', '33.06%', '5.31%']","[27, 74, 50, 81, 13]",245
71,pants,palazzo pants,Female,"[""active"",""casual"",""business casual"",""dressy casual""]","['40.45%', '52.81%', '1.12%', '5.62%']","[36, 47, 1, 5]",89
72,trousers,drop crotch trousers,Male,"[""dressy casual""]",['100.0%'],[14],14
73,skirt,tutu,Female,"[""casual"",""business formal"",""dressy casual""]","['39.82%', '35.4%', '24.78%']","[45, 40, 28]",113
74,shirt,henley,Male,"[""business formal"",""casual"",""active"",""dressy casual""]","['3.43%', '77.71%', '10.86%', '8.0%']","[6, 136, 19, 14]",175
75,trousers,sailor trousers,Female,"[""casual""]",['100.0%'],[2],2
76,pants,trousers,Unisex,"[""casual""]",['100.0%'],[24],24
77,trousers,drop crotch trousers,Female,"[""casual""]",['100.0%'],[4],4
78,shirt,crop top,Female,"[""business formal"",""beach"",""casual"",""dressy casual"",""creative black tie"",""cocktail"",""active""]","['58.43%', '0.74%', '15.04%', '4.67%', '0.15%', '3.26%', '17.71%']","[1900, 24, 489, 152, 5, 106, 576]",3252
79,pants,treggings,Female,"[""dressy casual""]",['100.0%'],[1],1
80,pants,leggings,Male,"[""business formal"",""active""]","['80.35%', '19.65%']","[368, 90]",458
81,shirt,t-shirt,Unisex,"[""dressy casual"",""casual"",""business formal"",""active""]","['1.71%', '46.39%', '36.53%', '15.37%']","[39, 1059, 834, 351]",2283
82,dress,sundress,Female,"[""business formal"",""festive"",""beach"",""dressy casual"",""casual"",""cocktail""]","['8.05%', '0.15%', '1.23%', '0.77%', '89.58%', '0.23%']","[105, 2, 16, 10, 1169, 3]",1305
83,trousers,sweat trousers,Female,"[""dressy casual"",""business formal"",""active"",""casual""]","['2.61%', '2.99%', '55.6%', '38.81%']","[7, 8, 149, 104]",268
84,dress,bridesmaid dress,Female,"[""business formal"",""casual"",""creative black tie""]","['1.2%', '22.17%', '76.63%']","[5, 92, 318]",415
85,shirt,vest top,Female,"[""cocktail"",""business formal"",""dressy casual"",""creative black tie"",""active"",""casual""]","['0.66%', '1.49%', '1.82%', '0.17%', '67.0%', '28.88%']","[4, 9, 11, 1, 406, 175]",606
86,trousers,pegged trousers,Female,"[""dressy casual""]",['100.0%'],[3],3
87,romper,beach playsuit,Female,"[""casual"",""beach"",""dressy casual""]","['14.75%', '83.61%', '1.64%']","[18, 102, 2]",122
88,trousers,training trousers,Male,"[""casual"",""active""]","['5.26%', '94.74%']","[2, 36]",38
89,trousers,pleated trousers,Female,"[""cocktail""]",['100.0%'],[3],3
90,pants,harem pants,Male,"[""casual""]",['100.0%'],[96],96
91,suit,suit,Male,"[""active"",""business formal"",""dressy casual""]","['15.38%', '7.69%', '76.92%']","[2, 1, 10]",13
92,pants,shell pants,Female,"[""casual""]",['100.0%'],[1],1
93,shorts,sweat shorts,Female,"[""casual""]",['100.0%'],[2],2
94,top,sweat top,Female,"[""black tie"",""business formal"",""casual"",""festive"",""beach"",""active"",""dressy casual"",""cocktail""]","['0.11%', '0.11%', '72.57%', '0.43%', '0.21%', '25.44%', '1.02%', '0.11%']","[2, 2, 1352, 8, 4, 474, 19, 2]",1863
95,sweater,jumper,Unisex,"[""active""]",['100.0%'],[2],2
96,dress,kaftan,Female,"[""white tie"",""casual"",""dressy casual"",""beach"",""cocktail""]","['2.63%', '7.89%', '26.32%', '50.0%', '13.16%']","[1, 3, 10, 19, 5]",38
97,dress,bride dress,Female,"[""black tie"",""creative black tie""]","['54.55%', '45.45%']","[12, 10]",22
98,dress,gown dress,Female,"[""casual"",""business formal"",""black tie"",""creative black tie""]","['1.57%', '0.11%', '75.51%', '22.81%']","[29, 2, 1394, 421]",1846
99,dress,sweater dress,Female,"[""festive"",""casual"",""dressy casual""]","['0.22%', '90.44%', '9.33%']","[1, 407, 42]",450
100,pajama,pajama set,Male,"[""festive"",""active""]","['88.89%', '11.11%']","[48, 6]",54
101,pants,suit trousers,Female,"[""active"",""cocktail"",""creative black tie"",""dressy casual"",""business formal"",""casual""]","['2.3%', '1.15%', '17.24%', '57.47%', '11.49%', '10.34%']","[2, 1, 15, 50, 10, 9]",87
102,shirt,shirt,Male,"[""beach"",""festive"",""cocktail"",""creative black tie"",""black tie"",""business formal"",""active"",""casual"",""dressy casual""]","['0.08%', '0.1%', '0.01%', '2.13%', '0.07%', '1.66%', '2.44%', '73.07%', '20.44%']","[16, 20, 2, 437, 14, 341, 501, 14977, 4190]",20498
103,shorts,skort,Female,"[""casual"",""business formal"",""dressy casual""]","['18.18%', '63.64%', '18.18%']","[4, 14, 4]",22
104,top,sweat top,Male,"[""dressy casual"",""active"",""festive"",""business formal"",""casual""]","['3.34%', '38.26%', '0.46%', '1.84%', '56.1%']","[58, 665, 8, 32, 975]",1738
105,pants,soft shell pants,Female,"[""active""]",['100.0%'],[3],3
106,top,oxford top,Female,"[""casual""]",['100.0%'],[7],7
107,dress,beach kaftan,Female,"[""beach"",""casual""]","['64.44%', '35.56%']","[29, 16]",45
108,shirt,tank top,Unisex,"[""dressy casual"",""active""]","['32.08%', '67.92%']","[34, 72]",106
109,pants,moto pants,Female,"[""dressy casual""]",['100.0%'],[1],1
110,pants,yoga pants,Male,"[""active"",""business formal""]","['31.03%', '68.97%']","[36, 80]",116
111,sweater,pullover,Female,"[""active"",""casual""]","['88.24%', '11.76%']","[15, 2]",17
112,hoodie,hoodie,Female,"[""cocktail"",""dressy casual"",""beach"",""casual"",""active""]","['0.14%', '0.26%', '0.14%', '43.61%', '55.85%']","[6, 11, 6, 1831, 2345]",4199
113,dress,pencil dress,Female,"[""active"",""cocktail"",""business formal"",""business casual"",""dressy casual"",""creative black tie"",""casual""]","['0.29%', '1.31%', '2.91%', '0.15%', '4.37%', '61.14%', '29.84%']","[2, 9, 20, 1, 30, 420, 205]",687
114,shirt,popover shirt,Female,"[""casual"",""dressy casual""]","['50.0%', '50.0%']","[1, 1]",2
115,pants,yoga leggings,Female,"[""active"",""casual"",""white tie""]","['96.76%', '3.02%', '0.22%']","[866, 27, 2]",895
116,shirt,tunic,Male,"[""business formal"",""casual""]","['83.33%', '16.67%']","[30, 6]",36
117,shorts,bermuda shorts,Female,"[""casual""]",['100.0%'],[13],13
118,pants,joggers,Female,"[""business casual"",""creative black tie"",""business formal"",""dressy casual"",""casual"",""active"",""beach""]","['0.06%', '0.23%', '30.67%', '15.7%', '13.45%', '39.79%', '0.11%']","[1, 4, 545, 279, 239, 707, 2]",1777
119,skirt,skirt,Female,"[""creative black tie"",""black tie"",""dressy casual"",""cocktail"",""beach"",""active"",""casual"",""business formal"",""business casual""]","['0.45%', '0.33%', '26.59%', '6.31%', '1.91%', '1.83%', '53.34%', '8.1%', '1.14%']","[11, 8, 653, 155, 47, 45, 1310, 199, 28]",2456
120,shirt,henley,Female,"[""dressy casual"",""active"",""casual""]","['33.33%', '8.33%', '58.33%']","[8, 2, 14]",24
121,pants,harem pants,Female,"[""dressy casual"",""active"",""casual""]","['0.85%', '1.13%', '98.02%']","[3, 4, 347]",354
122,hoodie,hoodie,Unisex,"[""active"",""casual""]","['97.48%', '2.52%']","[464, 12]",476
123,pants,cargo pants,Female,"[""business casual"",""dressy casual"",""casual"",""active""]","['0.23%', '1.58%', '97.75%', '0.45%']","[1, 7, 434, 2]",444
124,pants,chinos,Male,"[""white tie"",""active"",""beach"",""dressy casual"",""casual"",""creative black tie"",""business formal""]","['0.59%', '0.15%', '0.15%', '11.89%', '85.66%', '0.74%', '0.82%']","[8, 2, 2, 160, 1153, 10, 11]",1346
125,skirt,suit skirt,Female,"[""business casual"",""dressy casual"",""casual"",""business formal""]","['1.39%', '4.86%', '77.78%', '15.97%']","[2, 7, 112, 23]",144
126,trousers,palazzo trousers,Female,"[""dressy casual"",""business formal""]","['33.33%', '66.67%']","[1, 2]",3
127,trousers,cigarette trousers,Male,"[""dressy casual""]",['100.0%'],[2],2
128,fishnet tights,fishnet tights,Female,"[""casual""]",['100.0%'],[2],2
129,dress,pinafore dress,Female,"[""beach"",""dressy casual"",""creative black tie"",""cocktail"",""casual""]","['0.71%', '6.71%', '0.71%', '0.71%', '91.17%']","[2, 19, 2, 2, 258]",283
130,pants,capri pants,Female,"[""business casual"",""casual"",""active"",""dressy casual"",""business formal"",""cocktail""]","['0.66%', '45.03%', '9.27%', '19.21%', '24.5%', '1.32%']","[1, 68, 14, 29, 37, 2]",151
131,shirt,polo shirt,Unisex,"[""business formal""]",['100.0%'],[120],120
132,dress,t-shirt dress,Female,"[""business casual"",""business formal"",""active"",""creative black tie"",""dressy casual"",""cocktail"",""casual""]","['0.1%', '0.1%', '0.29%', '1.17%', '3.18%', '0.44%', '94.72%']","[2, 2, 6, 24, 65, 9, 1938]",2046
133,pants,yoga pants,Female,"[""dressy casual"",""active"",""business formal""]","['0.86%', '64.0%', '35.14%']","[7, 519, 285]",811
134,dress,sweatshirt dress,Female,"[""dressy casual"",""casual""]","['1.12%', '98.88%']","[2, 176]",178
135,dress,swing dress,Female,"[""business casual"",""cocktail"",""business formal"",""black tie"",""active"",""casual"",""dressy casual"",""creative black tie""]","['0.08%', '2.02%', '1.25%', '0.55%', '0.16%', '90.42%', '1.79%', '3.74%']","[1, 26, 16, 7, 2, 1161, 23, 48]",1284
136,jacket,suit jacket,Female,"[""dressy casual""]",['100.0%'],[11],11
137,pants,leggings,Unisex,"[""active""]",['100.0%'],[7],7
138,pants,pants,Female,"[""creative black tie"",""business casual"",""cocktail"",""casual"",""business formal"",""active"",""dressy casual""]","['0.04%', '1.09%', '0.42%', '68.93%', '8.22%', '13.04%', '8.26%']","[1, 26, 10, 1644, 196, 311, 197]",2385
139,pants,bootcut pants,Female,"[""business formal"",""casual"",""dressy casual""]","['6.67%', '80.0%', '13.33%']","[1, 12, 2]",15
140,trousers,cigarette trousers,Female,"[""casual"",""active"",""business formal"",""dressy casual"",""cocktail""]","['3.36%', '10.74%', '38.93%', '45.64%', '1.34%']","[5, 16, 58, 68, 2]",149
141,pants,tuxedo trousers,Female,"[""cocktail"",""dressy casual"",""active"",""business formal""]","['16.67%', '33.33%', '16.67%', '33.33%']","[1, 2, 1, 2]",6
142,top,oxford top,Male,"[""creative black tie"",""casual"",""business formal"",""dressy casual""]","['0.19%', '82.63%', '0.31%', '16.87%']","[3, 1332, 5, 272]",1612
143,dress,beach dress,Female,"[""dressy casual"",""beach"",""business formal"",""casual""]","['0.29%', '22.08%', '1.55%', '76.09%']","[6, 457, 32, 1575]",2070
144,pants,tights,Female,"[""cocktail"",""active"",""dressy casual"",""casual"",""business formal""]","['9.64%', '45.18%', '31.93%', '12.05%', '1.2%']","[16, 75, 53, 20, 2]",166
145,skirt,kilt,Female,"[""dressy casual"",""creative black tie""]","['2.88%', '97.12%']","[3, 101]",104
146,shirt,tank top,Female,"[""business formal"",""beach"",""dressy casual"",""casual"",""active""]","['63.85%', '0.02%', '3.08%', '17.96%', '15.09%']","[5620, 2, 271, 1581, 1328]",8802
147,pants,sweat pants,Male,"[""casual"",""active"",""business formal"",""dressy casual""]","['75.04%', '21.61%', '0.3%', '3.04%']","[493, 142, 2, 20]",657
148,shirt,tunic,Female,"[""beach"",""cocktail"",""creative black tie"",""active"",""casual"",""dressy casual""]","['0.37%', '1.11%', '0.74%', '0.56%', '74.77%', '22.45%']","[2, 6, 4, 3, 403, 121]",539
149,shirt,overshirt,Female,"[""casual""]",['100.0%'],[12],12
150,dress,overall dress,Female,"[""dressy casual"",""casual""]","['17.39%', '82.61%']","[4, 19]",23
151,pants,wind pants,Female,"[""active""]",['100.0%'],[1],1
152,trousers,capri trousers,Female,"[""active""]",['100.0%'],[5],5
153,pants,beach pants,Male,"[""casual""]",['100.0%'],[399],399
154,shorts,sport shorts,Female,"[""active"",""casual""]","['78.87%', '21.13%']","[56, 15]",71
155,trousers,harem trousers,Female,"[""casual""]",['100.0%'],[2],2
156,skirt,pinafore,Female,"[""dressy casual"",""casual""]","['3.85%', '96.15%']","[2, 50]",52
157,trousers,bell trousers,Female,"[""cocktail"",""casual"",""dressy casual"",""business formal"",""active""]","['37.04%', '11.11%', '37.04%', '7.41%', '7.41%']","[10, 3, 10, 2, 2]",27
158,top,sweat top,Unisex,"[""casual""]",['100.0%'],[3],3
159,dress,jumper dress,Female,"[""active"",""dressy casual"",""cocktail"",""casual""]","['0.35%', '1.93%', '0.53%', '97.19%']","[4, 22, 6, 1106]",1138
160,shirt,vest top,Unisex,"[""business formal""]",['100.0%'],[24],24
161,sweater,poncho,Female,"[""casual""]",['100.0%'],[17],17
162,shorts,bermuda shorts,Male,"[""casual""]",['100.0%'],[35],35
163,jeans,culottes jeans,Female,"[""casual"",""dressy casual""]","['80.0%', '20.0%']","[4, 1]",5
164,shirt,blouse,Female,"[""beach"",""cocktail"",""creative black tie"",""white tie"",""business formal"",""active"",""dressy casual"",""casual""]","['0.04%', '2.16%', '3.29%', '0.04%', '1.92%', '0.61%', '12.15%', '79.78%']","[2, 109, 166, 2, 97, 31, 613, 4024]",5044
165,jeans,bootcut jeans,Female,"[""dressy casual"",""casual""]","['66.67%', '33.33%']","[16, 8]",24
166,sweater,cardigan,Male,"[""casual"",""dressy casual""]","['93.85%', '6.15%']","[122, 8]",130
167,dress,a line dress,Female,"[""beach"",""black tie"",""white tie"",""business formal"",""creative black tie"",""cocktail"",""business casual"",""dressy casual"",""festive"",""casual""]","['1.17%', '0.73%', '0.15%', '15.98%', '4.4%', '3.08%', '0.59%', '19.79%', '0.29%', '53.81%']","[8, 5, 1, 109, 30, 21, 4, 135, 2, 367]",682
168,shorts,sweat shorts,Male,"[""active"",""casual""]","['14.63%', '85.37%']","[6, 35]",41
169,leotard,leotard,Female,"[""active""]",['100.0%'],[8],8
170,skirt,pencil skirt,Female,"[""creative black tie"",""business casual"",""casual"",""dressy casual"",""active"",""business formal""]","['0.24%', '1.9%', '52.86%', '25.24%', '0.48%', '19.29%']","[1, 8, 222, 106, 2, 81]",420
171,jeans,mom jeans,Female,"[""business formal"",""casual"",""dressy casual"",""cocktail""]","['1.24%', '90.06%', '6.83%', '1.86%']","[4, 290, 22, 6]",322
172,shirt,football jersey,Male,"[""beach"",""business formal"",""active"",""casual""]","['50.0%', '12.5%', '25.0%', '12.5%']","[4, 1, 2, 1]",8
173,dress,skater dress,Female,"[""beach"",""business formal"",""creative black tie"",""cocktail"",""dressy casual"",""active"",""casual""]","['0.11%', '0.43%', '17.39%', '3.05%', '0.65%', '0.43%', '77.95%']","[3, 12, 484, 85, 18, 12, 2170]",2784
174,pants,pleated pants,Female,"[""dressy casual"",""casual""]","['9.09%', '90.91%']","[1, 10]",11
175,overall,overall,Male,"[""casual""]",['100.0%'],[14],14
176,shirt,button-down shirt,Male,"[""active"",""dressy casual"",""creative black tie"",""casual"",""business formal""]","['3.46%', '15.07%', '0.74%', '69.41%', '11.32%']","[47, 205, 10, 944, 154]",1360
177,bodysuit,bodysuit,Female,"[""dressy casual"",""beach"",""casual"",""active""]","['10.71%', '7.14%', '17.86%', '64.29%']","[6, 4, 10, 36]",56
178,track suit,track suit,Female,"[""casual"",""active"",""beach""]","['77.78%', '16.67%', '5.56%']","[28, 6, 2]",36
179,shirt,t-shirt,Male,"[""black tie"",""festive"",""beach"",""white tie"",""business formal"",""casual"",""cocktail"",""dressy casual"",""active""]","['0.0%', '0.05%', '0.31%', '0.01%', '64.77%', '26.13%', '0.02%', '1.96%', '6.74%']","[2, 52, 294, 5, 61274, 24722, 20, 1855, 6374]",94598
180,trousers,popper trousers,Female,"[""casual""]",['100.0%'],[1],1
181,top,breton top,Female,"[""casual""]",['100.0%'],[228],228
182,dress,shirt dress,Female,"[""business formal"",""black tie"",""dressy casual"",""cocktail"",""creative black tie"",""beach"",""business casual"",""casual""]","['0.44%', '0.41%', '7.91%', '0.95%', '1.3%', '0.19%', '0.25%', '88.55%']","[14, 13, 250, 30, 41, 6, 8, 2800]",3162
183,top,top,Unisex,"[""casual""]",['100.0%'],[2],2
184,pants,tuxedo trousers,Male,"[""business formal"",""dressy casual""]","['16.67%', '83.33%']","[2, 10]",12
185,hoodie,hoodie,Male,"[""beach"",""creative black tie"",""business formal"",""casual"",""festive"",""dressy casual"",""active""]","['0.06%', '9.46%', '2.82%', '38.34%', '0.12%', '0.49%', '48.71%']","[2, 312, 93, 1264, 4, 16, 1606]",3297
186,pajama,pajama set,Female,"[""active"",""festive"",""cocktail"",""casual""]","['5.0%', '65.0%', '5.0%', '25.0%']","[2, 26, 2, 10]",40
187,sweater,cardigan,Female,"[""active"",""dressy casual"",""cocktail"",""casual""]","['0.62%', '3.73%', '0.62%', '95.03%']","[2, 12, 2, 306]",322
188,jeans,jeans,Female,"[""business formal"",""white tie"",""cocktail"",""dressy casual"",""casual"",""active""]","['0.07%', '0.2%', '1.01%', '37.4%', '60.33%', '0.98%']","[2, 6, 30, 1106, 1784, 29]",2957
189,sweater,jumper,Female,"[""festive"",""active"",""business formal"",""casual"",""beach"",""dressy casual"",""cocktail""]","['2.67%', '4.74%', '0.24%', '85.79%', '0.24%', '2.91%', '3.4%']","[44, 78, 4, 1413, 4, 48, 56]",1647
190,pants,beach pants,Female,"[""active"",""casual""]","['18.0%', '82.0%']","[27, 123]",150
191,pants,cargo pants,Male,"[""casual"",""dressy casual"",""active""]","['95.81%', '0.21%', '3.97%']","[1350, 3, 56]",1409
192,jeans,carpenter jeans,Female,"[""dressy casual""]",['100.0%'],[2],2
193,jumper,knit jumper,Female,"[""business formal"",""cocktail"",""active"",""casual""]","['2.53%', '1.9%', '4.43%', '91.14%']","[8, 6, 14, 288]",316
194,skirt,a line skirt,Female,"[""creative black tie"",""casual"",""business formal"",""cocktail"",""dressy casual""]","['0.45%', '54.02%', '23.21%', '5.36%', '16.96%']","[1, 121, 52, 12, 38]",224
195,pants,pants,Male,"[""business casual"",""casual"",""active"",""business formal"",""creative black tie"",""dressy casual""]","['0.04%', '76.46%', '8.63%', '11.3%', '0.21%', '3.37%']","[1, 1861, 210, 275, 5, 82]",2434
196,dress,kimono dress,Female,"[""cocktail"",""creative black tie"",""dressy casual"",""casual"",""business formal""]","['1.19%', '57.74%', '1.79%', '36.31%', '2.98%']","[2, 97, 3, 61, 5]",168
197,top,top,Female,"[""festive"",""white tie"",""creative black tie"",""business formal"",""cocktail"",""casual"",""beach"",""active"",""dressy casual""]","['0.12%', '0.36%', '0.72%', '0.39%', '6.46%', '35.91%', '4.22%', '40.22%', '11.59%']","[4, 12, 24, 13, 214, 1190, 140, 1333, 384]",3314
198,romper,playsuit,Female,"[""business formal"",""active"",""casual"",""cocktail"",""beach"",""dressy casual""]","['1.77%', '0.67%', '85.14%', '8.2%', '1.33%', '2.88%']","[16, 6, 768, 74, 12, 26]",902
199,swimwear,swimwear,Female,"[""beach""]",['100.0%'],[2],2
200,shirt,football jersey,Female,"[""active""]",['100.0%'],[40],40
201,jeans,drop crotch jeans,Male,"[""casual"",""dressy casual""]","['66.67%', '33.33%']","[4, 2]",6
202,shirt,shell top,Female,"[""active"",""dressy casual"",""casual""]","['5.77%', '7.69%', '86.54%']","[3, 4, 45]",52
203,pants,popper pants,Female,"[""casual"",""active""]","['50.0%', '50.0%']","[2, 2]",4
204,pants,trousers,Male,"[""white tie"",""casual"",""dressy casual"",""business formal"",""creative black tie"",""active""]","['0.05%', '22.97%', '70.13%', '1.39%', '1.16%', '4.3%']","[2, 972, 2968, 59, 49, 182]",4232
205,pants,breeches,Male,"[""active""]",['100.0%'],[8],8
206,shirt,gym vest,Male,"[""active""]",['100.0%'],[29],29
207,dress,shift dress,Female,"[""active"",""festive"",""cocktail"",""white tie"",""business casual"",""creative black tie"",""dressy casual"",""beach"",""black tie"",""business formal"",""casual""]","['0.07%', '0.07%', '3.8%', '0.46%', '1.11%', '8.48%', '9.79%', '0.33%', '0.03%', '1.11%', '74.75%']","[2, 2, 116, 14, 34, 259, 299, 10, 1, 34, 2283]",3054
208,track suit,track suit,Male,"[""casual"",""active"",""dressy casual""]","['69.57%', '28.99%', '1.45%']","[96, 40, 2]",138
209,jeans,girlfriend jeans,Female,"[""dressy casual"",""casual""]","['54.55%', '45.45%']","[6, 5]",11
210,suit,suit,Female,"[""dressy casual""]",['100.0%'],[2],2
211,pants,training pants,Male,"[""active""]",['100.0%'],[17],17
212,shirt,polo shirt,Female,"[""business formal"",""active"",""casual"",""dressy casual""]","['9.65%', '14.15%', '48.23%', '27.97%']","[60, 88, 300, 174]",622
213,suit,tuxedo suit,Male,"[""business formal""]",['100.0%'],[6],6
214,trousers,training trousers,Female,"[""active""]",['100.0%'],[32],32
215,skirt,skater skirt,Female,"[""casual"",""dressy casual""]","['85.71%', '14.29%']","[30, 5]",35
